user_id,username,email,created_at
U001,user001,user001@example.com,2023-10-17 04:03:12
U002,user002,user002@example.com,2022-01-26 10:00:48
U003,user003,user003@example.com,2022-09-08 08:07:36
U004,user004,user004@example.com,2022-05-23 03:43:54
U005,user005,user005@example.com,2023-11-24 19:51:22
U006,user006,user006@example.com,2022-03-31 21:29:57
U007,user007,user007@example.com,2023-03-09 01:09:25
U008,user008,user008@example.com,2022-01-31 03:24:40
U009,user009,user009@example.com,2022-08-12 08:28:15
U010,user010,user010@example.com,2023-06-02 21:55:07
U011,user011,user011@example.com,2022-01-28 20:26:03
U012,user012,user012@example.com,2022-07-23 23:39:41
U013,user013,user013@example.com,2023-12-20 19:50:26
U014,user014,user014@example.com,2023-03-06 08:01:33
U015,user015,user015@example.com,2023-04-05 21:27:16
U016,user016,user016@example.com,2022-10-12 00:14:11
U017,user017,user017@example.com,2024-02-17 05:48:46
U018,user018,user018@example.com,2023-12-16 15:23:12
U019,user019,user019@example.com,2022-12-15 10:07:01
U020,user020,user020@example.com,2022-06-09 07:50:21
U021,user021,user021@example.com,2024-02-21 12:15:18
U022,user022,user022@example.com,2022-04-15 03:22:36
U023,user023,user023@example.com,2023-01-25 03:31:16
U024,user024,user024@example.com,2023-01-03 12:31:22
U025,user025,user025@example.com,2023-09-11 09:37:51
U026,user026,user026@example.com,2024-04-06 01:34:55
U027,user027,user027@example.com,2024-01-18 16:43:37
U028,user028,user028@example.com,2023-07-04 04:32:41
U029,user029,user029@example.com,2023-01-23 02:52:08
U030,user030,user030@example.com,2023-07-20 10:40:27
U031,user031,user031@example.com,2024-04-29 22:53:17
U032,user032,user032@example.com,2023-09-26 13:10:00
U033,user033,user033@example.com,2023-08-15 07:00:03
U034,user034,user034@example.com,2023-12-23 02:31:56
U035,user035,user035@example.com,2022-02-16 08:17:51
U036,user036,user036@example.com,2024-03-02 10:32:10
U037,user037,user037@example.com,2022-03-23 08:28:32
U038,user038,user038@example.com,2024-06-06 03:40:38
U039,user039,user039@example.com,2023-01-25 10:07:14
U040,user040,user040@example.com,2023-04-10 23:08:40
U041,user041,user041@example.com,2024-05-04 13:16:59
U042,user042,user042@example.com,2022-06-16 13:28:40
U043,user043,user043@example.com,2022-12-30 07:37:40
U044,user044,user044@example.com,2023-11-18 09:43:13
U045,user045,user045@example.com,2023-12-20 23:35:39
U046,user046,user046@example.com,2022-03-15 22:10:40
U047,user047,user047@example.com,2023-10-13 06:13:51
U048,user048,user048@example.com,2023-07-01 08:54:47
U049,user049,user049@example.com,2022-06-17 16:49:49
U050,user050,user050@example.com,2023-01-24 09:49:42
U051,user051,user051@example.com,2023-10-18 20:16:40
U052,user052,user052@example.com,2022-08-13 11:48:24
U053,user053,user053@example.com,2024-05-13 02:02:11
U054,user054,user054@example.com,2022-08-23 01:10:07
U055,user055,user055@example.com,2024-04-04 11:29:07
U056,user056,user056@example.com,2023-02-15 09:44:53
U057,user057,user057@example.com,2022-03-09 07:40:53
U058,user058,user058@example.com,2023-08-04 11:27:25
U059,user059,user059@example.com,2022-08-06 23:51:49
U060,user060,user060@example.com,2023-05-27 14:24:16
